Strategy,Asset,Timeframe,Net_Profit_USD,ROI_Percent,ROI,CAGR_Percent,ROI_Per_Day_Pct,Win_Rate_Percent,Win_Rate_Adjusted,Profit_Factor,Sharpe_Ratio,Avg_Win_USD,Avg_Loss_USD,Win_Loss_Ratio,Trades_Per_Year,Max_Drawdown_USD,Max_Drawdown_Percent,Gross_Drawdown_USD,Gross_Drawdown_Percent,Net_Drawdown_USD,Net_Drawdown_Percent,Current_Drawdown_USD,Current_Drawdown_Percent,WR_Flag,Performance_Grade,Deployment_Status,Rank,Initial_Capital_USD,Final_Capital_USD,Time_period_checked,Time_start,time_end,fees_exchnage,Total_Trades,Data_Source
10 VWAP Mean Reversion Pivot BINANCEUSDT.P 2026-04-06,BTC,4h,2476.88,24.77,0.2477,3.79,0.0102,92.86,92.86,139.76,1.48,95.95,8.93,10.75,4.7,-2.38,-0.02,-17.85,-0.14,-15.47,-0.15,0.0,0.0,LOW_SAMPLE,WEAK,LOW_TRADES,53,10000,12476.88,2170_days,23-03-2020,02-03-2026,0.06%,28,tv_backtester_jan_2024
5 Ichimoku Twin Confirm BINANCEUSDT.P 2026-04-06,ETH,4h,11117.77,111.18,1.1118,12.88,0.0332,84.62,84.62,32.58,1.72,208.54,35.2,5.92,10.5,-239.66,-2.09,-352.04,-1.67,0.0,0.0,0.0,0.0,HIGH_WR,WEAK,IGNORE,45,10000,21117.77,2254_days,27-01-2020,30-03-2026,0.06%,65,tv_backtester_jan_2024
1 Aroon Oscillator Fusion BINANCEUSDT.P 2026-04-06,AVAX,4h,8808877392.0,88088773.92,880887.7392,1112.06,0.6854,87.36,87.36,19.32,2.62,9336271.04,3338279.81,2.8,207.6,-163457900.0,-2.1,-480712293.0,-5.46,-16.45,-0.16,0.0,0.0,HIGH_WR,EXCEPTIONAL,TIER_1_DEPLOY,3,10000,8808887392.0,2004_days,06-10-2020,02-04-2026,0.06%,1139,tv_backtester_jan_2024
G19 Donchian Volume Surge [Webhook] BINANCEUSDT.P 2026-04-08,ETH,4h,25814538.08,258145.38,2581.4538,247.46,0.3416,84.98,84.98,18.97,2.09,45876.69,13678.23,3.35,110.8,-394294.56,-1.61,-1436213.82,-5.56,0.0,0.0,0.0,0.0,HIGH_WR,STRONG,TIER_1,29,10000,25824538.08,2304_days,16-12-2019,08-04-2026,0.06%,699,tv_backtester_jan_2024
G26 Donchian ADX Aggro [Webhook] BINANCEUSDT.P 2026-04-08,ETH,4h,2258320781.0,22583207.81,225832.0781,605.88,0.5365,85.2,85.2,17.79,2.1,2474478.29,800593.63,3.09,179.9,-35503918.2,-1.73,-134499729.2,-5.96,0.0,0.0,0.0,0.0,HIGH_WR,EXCEPTIONAL,TIER_1_DEPLOY,6,10000,2258330781.0,2304_days,16-12-2019,08-04-2026,0.06%,1135,tv_backtester_jan_2024
G28 Donchian Short14 [Webhook] BINANCEUSDT.P 2026-04-08,ETH,4h,1958655256.0,19586552.56,195865.5256,590.12,0.5303,84.96,84.96,17.43,2.11,2164432.81,701177.89,3.09,179.1,-28716868.0,-1.61,-119200241.6,-6.09,0.0,0.0,0.0,0.0,HIGH_WR,EXCEPTIONAL,TIER_1_DEPLOY,9,10000,1958665256.0,2304_days,16-12-2019,08-04-2026,0.06%,1130,tv_backtester_jan_2024
1 Aroon Oscillator Fusion BINANCEUSDT.P 2026-04-06,LINK,4h,840000000000.0,8402473294.0,84024732.94,1806.06,0.8103,88.9,88.9,16.62,2.53,729832584.0,351618209.4,2.08,222.6,-11543393000.0,-2.09,-53797586031.0,-6.4,0.0,0.0,0.0,0.0,HIGH_WR,EXCEPTIONAL,TIER_1_DEPLOY,1,10000,840000000000.0,2261_days,23-01-2020,02-04-2026,0.06%,1378,tv_backtester_jan_2024
5 Ichimoku Twin Confirm BINANCEUSDT.P 2026-04-06,BNB,4h,5899.93,59.0,0.59,7.9,0.0208,82.46,82.46,15.91,1.51,133.95,39.56,3.39,9.3,-289.91,-2.09,-395.6,-2.49,-16.71,-0.17,-4.76,-0.03,HIGH_WR,WEAK,IGNORE,47,10000,15899.93,2227_days,25-02-2020,01-04-2026,0.06%,57,tv_backtester_jan_2024
G23 Donchian CCI Lite [Webhook] BINANCEUSDT.P 2026-04-08,ETH,4h,157841784.3,1578417.84,15784.1784,362.96,0.4204,84.32,84.32,15.85,2.03,222261.57,75407.68,2.95,142.5,-2373586.2,-1.61,-10632483.06,-6.74,0.0,0.0,0.0,0.0,HIGH_WR,STRONG,TIER_1,13,10000,157851784.3,2304_days,16-12-2019,08-04-2026,0.06%,899,tv_backtester_jan_2024
5 Ichimoku Twin Confirm BINANCEUSDT.P 2026-04-06,BTC,4h,5257.02,52.57,0.5257,7.08,0.0187,81.16,81.16,15.73,1.51,100.25,27.45,3.65,11.2,-212.51,-2.09,-356.79,-2.34,-26.36,-0.26,0.0,0.0,HIGH_WR,WEAK,IGNORE,48,10000,15257.02,2255_days,27-01-2020,31-03-2026,0.06%,69,tv_backtester_jan_2024
G25 CCI Pure HighTP [Webhook] OKXUSDT.P 2026-04-08,SUI,4h,3638760.55,36387.61,363.8761,680.03,0.564,83.89,83.89,15.65,3.79,11137.98,3707.39,3.0,144.8,-47037.7,-1.82,-248395.2,-6.81,0.0,0.0,0.0,0.0,HIGH_WR,EXCEPTIONAL,TIER_1_DEPLOY,40,10000,3648760.55,1049_days,24-05-2023,08-04-2026,0.06%,416,tv_backtester_jan_2024
G25 CCI Pure HighTP [Webhook] BINANCEUSDT.P 2026-04-08,AVAX,4h,1033434528.0,10334345.28,103343.4528,721.04,0.5781,84.55,84.55,15.49,2.44,1710167.35,604521.84,2.83,139.3,-15022685.0,-1.62,-71333577.42,-6.9,0.0,0.0,0.0,0.0,HIGH_WR,EXCEPTIONAL,TIER_1_DEPLOY,10,10000,1033444528.0,2003_days,12-10-2020,08-04-2026,0.06%,764,tv_backtester_jan_2024
G11 Donchian CCI Power [Webhook] BINANCEUSDT.P 2026-04-08,ETH,4h,126225019.5,1262250.2,12622.502,346.84,0.4107,84.2,84.2,15.29,2.13,178411.25,62199.27,2.87,142.5,-1898974.8,-1.61,-8832295.69,-7.0,0.0,0.0,0.0,0.0,HIGH_WR,STRONG,TIER_1,15,10000,126235019.5,2304_days,16-12-2019,08-04-2026,0.06%,899,tv_backtester_jan_2024
G15 Aroon Donchian Breakout [Webhook] BINANCEUSDT.P 2026-04-08,ETH,4h,126225019.5,1262250.2,12622.502,346.84,0.4107,84.2,84.2,15.29,2.13,178411.25,62199.27,2.87,142.5,-1898974.8,-1.61,-8832295.69,-7.0,0.0,0.0,0.0,0.0,HIGH_WR,STRONG,TIER_1,14,10000,126235019.5,2304_days,16-12-2019,08-04-2026,0.06%,899,tv_backtester_jan_2024
G12 SuperTrend Donchian [Webhook] BINANCEUSDT.P 2026-04-08,ETH,4h,91949706.21,919497.06,9194.9706,324.96,0.3969,84.15,84.15,15.16,2.12,136345.33,47732.52,2.86,136.0,-1383365.5,-1.61,-6491622.09,-7.06,0.0,0.0,0.0,0.0,HIGH_WR,STRONG,TIER_1,18,10000,91959706.21,2304_days,16-12-2019,08-04-2026,0.06%,858,tv_backtester_jan_2024
G13 MACD Donchian Trend [Webhook] BINANCEUSDT.P 2026-04-08,ETH,4h,87367103.29,873671.03,8736.7103,321.53,0.3947,84.33,84.33,15.08,2.13,129780.2,46301.64,2.8,135.5,-1314428.6,-1.61,-6204419.21,-7.1,0.0,0.0,0.0,0.0,HIGH_WR,STRONG,TIER_1,19,10000,87377103.29,2304_days,16-12-2019,08-04-2026,0.06%,855,tv_backtester_jan_2024
G17 Donchian PSAR Trend [Webhook] BINANCEUSDT.P 2026-04-08,ETH,4h,105893187.9,1058931.88,10589.3188,334.57,0.4031,84.29,84.29,14.97,2.21,151099.63,54161.65,2.79,141.2,-1593119.6,-1.61,-7582630.92,-7.16,0.0,0.0,0.0,0.0,HIGH_WR,STRONG,TIER_1,17,10000,105903187.9,2304_days,16-12-2019,08-04-2026,0.06%,891,tv_backtester_jan_2024
6 Keltner Channel Breakout RSI BINANCEUSDT.P 2026-04-06,BTC,4h,25661.29,256.61,2.5661,22.7,0.056,86.67,86.67,14.86,2.11,235.15,102.84,2.29,21.7,-549.5,-3.54,-1851.17,-5.19,-161.24,-1.61,0.0,0.0,HIGH_WR,TESTING,PAPER_TRADE,39,10000,35661.29,2270_days,07-01-2020,27-03-2026,0.06%,135,tv_backtester_jan_2024
4 Hull MA Cross Volume BINANCEUSDT.P 2026-04-06,BTC,4h,184063.07,1840.63,18.4063,57.55,0.1245,84.76,84.76,14.57,2.67,623.44,238.0,2.62,57.3,-2643.33,-1.61,-13566.15,-6.99,0.0,0.0,0.0,0.0,HIGH_WR,PROMISING,TIER_2,27,10000,194063.07,2383_days,20-09-2019,30-03-2026,0.06%,374,tv_backtester_jan_2024
G20 Stoch Donchian Trend [Webhook] BINANCEUSDT.P 2026-04-08,ETH,4h,107072223.1,1070722.23,10707.2223,335.34,0.4035,83.87,83.87,14.39,2.13,153632.0,55542.67,2.77,141.6,-1610856.0,-1.61,-7998145.04,-7.47,0.0,0.0,0.0,0.0,HIGH_WR,STRONG,TIER_1,16,10000,107082223.1,2304_days,16-12-2019,08-04-2026,0.06%,893,tv_backtester_jan_2024
1 Aroon Oscillator Fusion BINANCEUSDT.P 2026-04-06,SOL,4h,1531511678.0,15315116.78,153151.1678,767.93,0.5934,76.9,76.9,13.97,2.46,1814721.19,432490.41,4.2,213.9,-30734700.0,-2.09,-118069883.2,-7.71,-1770.41,-17.7,0.0,0.0,,EXCEPTIONAL,TIER_1_DEPLOY,6,10000,1531521678.0,2018_days,21-09-2020,02-04-2026,0.06%,1182,tv_backtester_jan_2024
11 Williams R Trend Fusion BINANCEUSDT.P 2026-04-06,BTC,4h,8874.54,88.75,0.8875,10.37,0.027,84.48,84.48,13.54,1.91,97.78,39.32,2.49,18.0,-304.57,-1.61,-707.77,-3.75,0.0,0.0,-5.58,-0.03,HIGH_WR,WEAK,IGNORE,46,10000,18874.54,2352_days,21-10-2019,30-03-2026,0.06%,116,tv_backtester_jan_2024
G25 CCI Pure HighTP [Webhook] BINANCEUSDT.P 2026-04-08,LDO,4h,9607021.83,96070.22,960.7022,623.22,0.5432,84.6,84.6,12.61,3.15,25326.81,11034.97,2.3,140.3,-128664.57,-2.66,-827622.81,-8.61,0.0,0.0,0.0,0.0,HIGH_WR,EXCEPTIONAL,TIER_1_DEPLOY,35,10000,9617021.83,1268_days,13-10-2022,03-04-2026,0.06%,487,tv_backtester_jan_2024
8 Stochastic DMI Trend Fusion BINANCEUSDT.P 2026-04-06,BTC,4h,22496.96,224.97,2.2497,20.17,0.0503,71.72,71.72,12.6,2.29,172.09,34.64,4.97,30.9,-455.15,-1.96,-1939.59,-5.97,0.0,0.0,-9.61,-0.03,,TESTING,PAPER_TRADE,40,10000,32496.96,2343_days,30-10-2019,30-03-2026,0.06%,198,tv_backtester_jan_2024
G18 CCI ADX Power Trend [Webhook] BINANCEUSDT.P 2026-04-08,ETH,4h,1947238.29,19472.38,194.7238,132.27,0.231,83.93,83.93,12.28,2.41,5637.88,2397.29,2.35,71.5,-30617.51,-1.61,-172605.21,-8.82,0.0,0.0,0.0,0.0,HIGH_WR,PROMISING,TIER_2,47,10000,1957238.29,2287_days,16-12-2019,22-03-2026,0.06%,448,tv_backtester_jan_2024
1 Aroon Oscillator Fusion BINANCEUSDT.P 2026-04-06,ETH,4h,4499497208.0,44994972.08,449949.7208,681.09,0.5644,87.95,87.95,12.13,2.61,4305405.48,2592048.95,1.66,204.5,-94910440.0,-2.09,-404359635.5,-8.89,0.0,0.0,-51139501.5,-1.12,HIGH_WR,EXCEPTIONAL,TIER_1_DEPLOY,5,10000,4499507208.0,2313_days,01-12-2019,02-04-2026,0.06%,1295,tv_backtester_jan_2024
1 Aroon Oscillator Fusion BINANCEUSDT.P 2026-04-06,MAGIC,4h,16649179.8,166491.8,1664.918,942.11,0.6438,87.71,87.71,12.03,3.09,38552.97,22867.7,1.69,169.7,-329233.25,-2.12,-1509268.15,-9.06,-190.3,-1.9,0.0,0.0,HIGH_WR,EXCEPTIONAL,TIER_1_DEPLOY,14,10000,16659179.8,1156_days,01-02-2023,02-04-2026,0.06%,537,tv_backtester_jan_2024
G26 Donchian ADX Aggro [Webhook] OKXUSDT.P 2026-04-08,SUI,4h,29984369.44,299843.69,2998.4369,1524.3,0.7661,84.71,84.71,11.84,2.8,75809.43,35452.64,2.14,177.6,-426044.44,-1.61,-2765306.01,-9.22,0.0,0.0,0.0,0.0,HIGH_WR,EXCEPTIONAL,TIER_1_DEPLOY,27,10000,29994369.44,1049_days,24-05-2023,08-04-2026,0.06%,510,tv_backtester_jan_2024
12 Zigzag Pivot Breakout BINANCEUSDT.P 2026-04-06,AVAX,15m,359.9,3.6,0.036,0.68,0.0019,69.23,69.23,11.26,0.79,43.89,8.77,5.0,2.5,-17.93,-0.17,-35.08,-0.34,0.0,0.0,-0.65,-0.01,LOW_SAMPLE,WEAK,LOW_TRADES,58,10000,10359.9,1902_days,28-09-2020,14-12-2025,0.06%,13,tv_backtester_jan_2024
G27 CCI Donchian Wide [Webhook] BINANCEUSDT.P 2026-04-08,AVAX,4h,1874540000000.0,18745378120.0,187453781.2,3125.33,0.9556,83.32,83.32,11.24,2.16,1687939418.0,750247289.8,2.25,266.8,-41587189000.0,-3.2,-183060000000.0,-9.77,0.0,0.0,0.0,0.0,HIGH_WR,EXCEPTIONAL,TIER_1_DEPLOY,1,10000,1874540000000.0,2003_days,12-10-2020,08-04-2026,0.06%,1463,tv_backtester_jan_2024
4 Hull MA Cross Volume BINANCEUSDT.P 2026-04-06,MAGIC,4h,71148.66,711.49,7.1149,94.11,0.1818,82.96,82.96,11.17,2.27,697.73,304.23,2.29,42.8,-1828.94,-4.2,-6997.26,-8.62,-427.53,-4.28,0.0,0.0,HIGH_WR,PROMISING,TIER_2,31,10000,81148.66,1153_days,04-02-2023,03-04-2026,0.06%,135,tv_backtester_jan_2024
11 Williams R Trend Fusion BINANCEUSDT.P 2026-04-06,ETH,4h,11581.91,115.82,1.1582,13.23,0.034,82.61,82.61,10.37,1.72,168.67,77.29,2.18,14.9,-353.41,-1.62,-1236.68,-5.65,-157.61,-1.58,-300.24,-1.37,HIGH_WR,WEAK,IGNORE,44,10000,21581.91,2262_days,19-01-2020,30-03-2026,0.06%,92,tv_backtester_jan_2024
G28 Donchian Short14 [Webhook] BINANCEUSDT.P 2026-04-08,AVAX,4h,2861074647.0,28610746.47,286107.4647,889.7,0.6296,81.61,81.61,10.31,1.99,3758425.99,1617255.07,2.32,188.5,-73005276.0,-3.2,-307278463.0,-10.74,0.0,0.0,0.0,0.0,HIGH_WR,STRONG,TIER_1,4,10000,2861084647.0,2002_days,12-10-2020,07-04-2026,0.06%,1033,tv_backtester_jan_2024
G27 CCI Donchian Wide [Webhook] BINANCEUSDT.P 2026-04-08,ETH,4h,176049000000.0,1760494731.0,17604947.31,1308.12,0.7267,83.85,83.85,9.93,1.81,149664933.6,78223253.89,1.91,247.3,-2560275500.0,-3.2,-19712259980.0,-11.2,0.0,0.0,0.0,0.0,HIGH_WR,STRONG,TIER_1,3,10000,176049000000.0,2304_days,16-12-2019,08-04-2026,0.06%,1560,tv_backtester_jan_2024
3 Chandelier Exit SAR Fusion BINANCEUSDT.P 2026-04-06,BTC,4h,4070.24,40.7,0.407,5.51,0.0147,81.82,81.82,9.84,1.12,167.8,76.72,2.19,5.2,-354.71,-2.63,-460.29,-3.27,-12.53,-0.13,0.0,0.0,,WEAK,IGNORE,51,10000,14070.24,2324_days,10-11-2019,23-03-2026,0.06%,33,tv_backtester_jan_2024
G24 Donchian Pure HighTP [Webhook] OKXUSDT.P 2026-04-08,SUI,4h,4977529.96,49775.3,497.753,769.71,0.594,84.58,84.58,9.82,2.73,16845.31,9409.59,1.79,135.4,-72158.87,-1.61,-564575.49,-11.32,0.0,0.0,0.0,0.0,HIGH_WR,STRONG,TIER_1,37,10000,4987529.96,1049_days,24-05-2023,08-04-2026,0.06%,389,tv_backtester_jan_2024
4 Hull MA Cross Volume BINANCEUSDT.P 2026-04-06,BNB,4h,93765.28,937.65,9.3765,46.47,0.1045,76.11,76.11,9.52,2.6,469.81,157.18,2.99,47.8,-1651.64,-1.61,-11002.7,-10.6,-337.09,-3.37,0.0,0.0,,TESTING,PAPER_TRADE,30,10000,103765.28,2239_days,17-02-2020,06-04-2026,0.06%,293,tv_backtester_jan_2024
3 Chandelier Exit SAR Fusion BINANCEUSDT.P 2026-04-06,ETH,4h,4143.92,41.44,0.4144,6.58,0.0175,92.31,78.46,9.37,0.93,193.3,247.6,0.78,4.8,-372.35,-2.57,-495.21,-3.41,0.0,0.0,-371.46,-2.56,LOW_SAMPLE,WEAK,LOW_TRADES,50,10000,14143.92,1986_days,30-04-2020,07-10-2025,0.06%,26,tv_backtester_jan_2024
G26 Donchian ADX Aggro [Webhook] BINANCEUSDT.P 2026-04-08,AVAX,4h,2221751401.0,22217514.01,222175.1401,845.07,0.6168,80.62,80.62,9.28,2.02,3007447.99,1348821.79,2.23,187.4,-62245666.0,-3.2,-268415536.2,-12.08,0.0,0.0,0.0,0.0,HIGH_WR,STRONG,TIER_1,7,10000,2221761401.0,2002_days,12-10-2020,07-04-2026,0.06%,1027,tv_backtester_jan_2024
G25 CCI Pure HighTP [Webhook] BINANCEUSDT.P 2026-04-08 (1),ETH,4h,69002036.02,690020.36,6900.2036,306.05,0.3844,83.66,83.66,9.27,2.48,113578.09,62741.7,1.81,129.0,-1071913.4,-1.61,-8344645.56,-12.09,0.0,0.0,0.0,0.0,HIGH_WR,STRONG,TIER_1,21,10000,69012036.02,2304_days,16-12-2019,08-04-2026,0.06%,814,tv_backtester_jan_2024
G16 CCI Keltner Fusion [Webhook] BINANCEUSDT.P 2026-04-08,ETH,4h,65234498.86,652344.99,6523.4499,302.45,0.3819,83.66,83.66,9.21,2.48,107463.32,59759.58,1.8,129.0,-1013680.3,-1.61,-7948023.75,-12.18,0.0,0.0,0.0,0.0,HIGH_WR,STRONG,TIER_1,23,10000,65244498.86,2304_days,16-12-2019,08-04-2026,0.06%,814,tv_backtester_jan_2024
G14 CCI RSI Double Momentum [Webhook] BINANCEUSDT.P 2026-04-08,ETH,4h,65234498.86,652344.99,6523.4499,302.45,0.3819,83.66,83.66,9.21,2.48,107463.32,59759.58,1.8,129.0,-1013680.3,-1.61,-7948023.75,-12.18,0.0,0.0,0.0,0.0,HIGH_WR,STRONG,TIER_1,24,10000,65244498.86,2304_days,16-12-2019,08-04-2026,0.06%,814,tv_backtester_jan_2024
4 Hull MA Cross Volume BINANCEUSDT.P 2026-04-06,ETH,4h,289926.93,2899.27,28.9927,71.14,0.1472,85.48,85.48,8.94,2.47,1046.27,688.86,1.52,57.7,-11871.71,-4.86,-36509.77,-12.17,0.0,0.0,0.0,0.0,HIGH_WR,PROMISING,TIER_2,24,10000,299926.93,2312_days,01-12-2019,31-03-2026,0.06%,365,tv_backtester_jan_2024
G23 Donchian CCI Lite [Webhook] BINANCEUSDT.P 2026-04-08,AVAX,4h,179009654.8,1790096.55,17900.9655,496.91,0.4903,80.84,80.84,8.71,2.13,309199.76,149722.51,2.07,147.6,-5211902.2,-3.2,-23206988.73,-12.96,0.0,0.0,0.0,0.0,HIGH_WR,STRONG,TIER_1,12,10000,179019654.8,2002_days,12-10-2020,07-04-2026,0.06%,809,tv_backtester_jan_2024
4 Hull MA Cross Volume BINANCEUSDT.P 2026-04-06,SOL,4h,134378.58,1343.79,13.4379,62.72,0.1334,68.97,68.97,8.65,2.61,759.7,195.13,3.89,52.9,-2348.3,-8.05,-17561.29,-12.16,-755.43,-7.55,0.0,0.0,,PROMISING,TIER_2,29,10000,144378.58,2003_days,06-10-2020,02-04-2026,0.06%,290,tv_backtester_jan_2024
4 Hull MA Cross Volume BINANCEUSDT.P 2026-04-06,LINK,4h,483745.8,4837.46,48.3746,87.85,0.1728,82.57,82.57,8.51,2.47,1896.71,1055.78,1.8,56.6,-7195.02,-1.76,-64402.39,-13.04,0.0,0.0,0.0,0.0,HIGH_WR,PROMISING,TIER_2,21,10000,493745.8,2259_days,24-01-2020,02-04-2026,0.06%,350,tv_backtester_jan_2024
8 Stochastic DMI Trend Fusion BINANCEUSDT.P 2026-04-06,ETH,4h,33237.76,332.38,3.3238,26.59,0.0646,83.78,83.78,8.17,2.54,203.61,128.7,1.58,35.8,-709.77,-1.62,-4633.28,-10.54,0.0,0.0,-709.77,-1.62,HIGH_WR,TESTING,PAPER_TRADE,34,10000,43237.76,2268_days,13-01-2020,31-03-2026,0.06%,222,tv_backtester_jan_2024
4 Hull MA Cross Volume BINANCEUSDT.P 2026-04-06,AVAX,4h,330477.3,3304.77,33.0477,90.89,0.1772,83.45,83.45,7.84,2.2,1565.29,1006.72,1.55,53.1,-8559.81,-2.71,-48322.58,-14.19,0.0,0.0,0.0,0.0,HIGH_WR,PROMISING,TIER_2,23,10000,340477.3,1993_days,16-10-2020,02-04-2026,0.06%,290,tv_backtester_jan_2024
2 BB Mean Reversion Volume BINANCEUSDT.P 2026-04-06,ETH,4h,1149822.91,11498.23,114.9823,112.25,0.2063,85.3,85.3,7.76,2.86,2344.44,1753.58,1.34,104.5,-22179.54,-2.14,-170097.34,-14.49,0.0,0.0,-13717.84,-1.17,HIGH_WR,PROMISING,TIER_2,18,10000,1159822.91,2307_days,12-12-2019,06-04-2026,0.06%,660,tv_backtester_jan_2024
6 Keltner Channel Breakout RSI BINANCEUSDT.P 2026-04-06,MAGIC,4h,16529.09,165.29,1.6529,39.92,0.092,78.0,78.0,7.6,1.67,488.08,227.82,2.14,17.2,-884.03,-3.29,-2506.06,-9.33,0.0,0.0,-326.59,-1.22,,TESTING,PAPER_TRADE,41,10000,26529.09,1061_days,03-05-2023,29-03-2026,0.06%,50,tv_backtester_jan_2024
10 VWAP Mean Reversion Pivot BINANCEUSDT.P 2026-04-06,ETH,4h,4325.48,43.25,0.4325,6.16,0.0164,84.62,84.62,7.35,1.16,151.72,113.55,1.34,6.5,-232.2,-1.61,-681.3,-4.74,0.0,0.0,-54.01,-0.38,,WEAK,IGNORE,49,10000,14325.48,2197_days,25-02-2020,02-03-2026,0.06%,39,tv_backtester_jan_2024
G24 Donchian Pure HighTP [Webhook] BINANCEUSDT.P 2026-04-08,LDO,4h,2345560.42,23455.6,234.556,589.81,0.5301,83.29,83.29,7.3,2.75,8520.89,5821.95,1.46,135.4,-43825.53,-1.91,-372604.75,-15.81,0.0,0.0,-1725.3,-0.07,HIGH_WR,PROMISING,TIER_2,44,10000,2355560.42,1033_days,30-05-2023,28-03-2026,0.06%,383,tv_backtester_jan_2024
6 Keltner Channel Breakout RSI BINANCEUSDT.P 2026-04-06,MAGIC,15m,940222.26,9402.22,94.0222,317.98,0.3924,67.81,67.81,6.86,3.36,1588.14,487.41,3.26,321.0,-11637.67,-1.24,-160359.0,-16.87,-109.2,-1.09,-383.33,-0.04,,PROMISING,TIER_2,19,10000,950222.26,1163_days,27-01-2023,05-04-2026,0.06%,1022,tv_backtester_jan_2024
1 Aroon Oscillator Fusion BINANCEUSDT.P 2026-04-06,BNB,4h,120862800.1,1208628.0,12086.28,364.67,0.4215,76.09,76.09,6.83,2.43,162390.83,75700.74,2.15,187.3,-4109596.42,-4.29,-20742002.17,-16.83,-352.91,-3.53,-2380974.74,-1.93,,PROMISING,TIER_2,8,10000,120872800.1,2235_days,17-02-2020,01-04-2026,0.06%,1146,tv_backtester_jan_2024
1 Aroon Oscillator Fusion BINANCEUSDT.P 2026-04-06,BTC,4h,194765515.8,1947655.16,19476.5516,353.86,0.415,83.86,83.86,6.41,2.55,203670.6,165106.78,1.23,206.9,-4752513.67,-2.39,-35993278.13,-18.09,0.0,0.0,-4141209.15,-2.08,HIGH_WR,PROMISING,TIER_2,7,10000,194775515.8,2385_days,19-09-2019,01-04-2026,0.06%,1351,tv_backtester_jan_2024
G25 CCI Pure HighTP [Webhook] BINANCEUSDT.P 2026-04-08,DOT,4h,83738626.63,837386.27,8373.8627,406.76,0.4453,78.4,78.4,6.29,2.67,155825.13,89963.8,1.73,146.4,-10063016.57,-10.73,-15833629.66,-16.88,0.0,0.0,-10063016.57,-10.73,,PROMISING,TIER_2,20,10000,83748626.63,2033_days,12-09-2020,08-04-2026,0.06%,815,tv_backtester_jan_2024
11 Williams R Trend Fusion BINANCEUSDT.P 2026-04-06,SOL,4h,14043.25,140.43,1.4043,18.03,0.0454,70.97,70.97,6.22,1.63,253.57,99.72,2.54,17.6,-682.57,-6.94,-2692.38,-11.18,-846.51,-8.47,-30.33,-0.13,,TESTING,PAPER_TRADE,43,10000,24043.25,1933_days,13-12-2020,30-03-2026,0.06%,93,tv_backtester_jan_2024
6 Keltner Channel Breakout RSI BINANCEUSDT.P 2026-04-06,AVAX,4h,36616.46,366.16,3.6616,33.72,0.0796,77.31,77.31,6.14,1.81,475.5,264.07,1.8,22.5,-1490.0,-4.92,-7129.96,-15.29,-434.09,-4.34,0.0,0.0,,TESTING,PAPER_TRADE,32,10000,46616.46,1935_days,07-12-2020,27-03-2026,0.06%,119,tv_backtester_jan_2024
2 BB Mean Reversion Volume BINANCEUSDT.P 2026-04-06,BNB,4h,852132.15,8521.32,85.2132,107.03,0.1994,73.9,73.9,6.14,2.82,2090.05,963.51,2.17,107.6,-27180.05,-3.98,-165723.71,-19.2,-1154.06,-11.54,-1113.44,-0.13,,PROMISING,TIER_2,20,10000,862132.15,2237_days,15-02-2020,02-04-2026,0.06%,659,tv_backtester_jan_2024
G26 Donchian ADX Aggro [Webhook] BINANCEUSDT.P 2026-04-08,LDO,4h,64927163.65,649271.64,6492.7164,1143.78,0.6925,81.41,81.41,5.79,2.16,154512.62,116941.8,1.32,179.2,-2743093.86,-4.07,-13565248.65,-20.13,0.0,0.0,-2445401.26,-3.63,HIGH_WR,PROMISING,TIER_2,25,10000,64937163.65,1272_days,13-10-2022,08-04-2026,0.06%,624,tv_backtester_jan_2024
G23 Donchian CCI Lite [Webhook] BINANCEUSDT.P 2026-04-08,DOT,4h,179367704.3,1793677.04,17936.7704,484.11,0.4844,78.99,78.99,5.4,1.68,370541.54,257809.96,1.44,135.5,-31230518.59,-14.83,-40733973.24,-19.34,0.0,0.0,-31230518.59,-14.83,,PROMISING,TIER_2,11,10000,179377704.3,2027_days,12-09-2020,02-04-2026,0.06%,752,tv_backtester_jan_2024
G24 Donchian Pure HighTP [Webhook] BINANCEUSDT.P 2026-04-08,DOT,4h,791163.97,7911.64,79.1164,366.91,0.4228,75.26,75.26,5.36,2.33,3330.33,1888.46,1.76,136.4,-139486.47,-14.83,-181292.54,-19.27,0.0,0.0,-139486.47,-14.83,,PROMISING,TIER_2,52,10000,801163.97,1039_days,28-05-2023,02-04-2026,0.06%,388,tv_backtester_jan_2024
2 BB Mean Reversion Volume BINANCEUSDT.P 2026-04-06,BTC,4h,346581.7,3465.82,34.6582,72.82,0.1499,81.08,81.08,5.27,3.08,750.34,609.85,1.23,107.6,-6442.63,-2.09,-81110.27,-22.74,-8.92,-0.09,-64.47,-0.02,HIGH_WR,PROMISING,TIER_2,22,10000,356581.7,2386_days,23-09-2019,06-04-2026,0.06%,703,tv_backtester_jan_2024
6 Keltner Channel Breakout RSI BITSTAMPUSD 2026-04-06,BTC,4h,28685.35,286.85,2.8685,10.35,0.027,63.14,63.14,5.04,1.39,206.81,70.22,2.95,20.0,-1384.18,-13.87,-7092.57,-18.33,-1403.16,-14.03,0.0,0.0,,WEAK,IGNORE,37,10000,38685.35,5016_days,05-06-2012,28-02-2026,0.06%,274,tv_backtester_jan_2024
8 Stochastic DMI Trend Fusion BINANCEUSDT.P 2026-04-06,SOL,4h,31044.75,310.45,3.1045,29.59,0.071,64.68,64.68,4.41,2.05,308.92,128.39,2.41,36.9,-730.72,-7.11,-9115.5,-22.06,-448.78,-4.49,-272.37,-0.66,,TESTING,PAPER_TRADE,36,10000,41044.75,1990_days,23-10-2020,05-04-2026,0.06%,201,tv_backtester_jan_2024
G28 Donchian Short14 [Webhook] BINANCEUSDT.P 2026-04-08,DOT,4h,2081643837.0,20816438.37,208164.3837,808.52,0.606,78.42,78.42,4.4,1.66,3401439.8,2808699.47,1.21,182.0,-468456875.9,-18.37,-612296485.3,-24.01,0.0,0.0,-468456875.9,-18.37,,PROMISING,TIER_2,8,10000,2081653837.0,2027_days,12-09-2020,02-04-2026,0.06%,1010,tv_backtester_jan_2024
6 Keltner Channel Breakout RSI BINANCEUSDT.P 2026-04-06,AVAX,15m,28849700.37,288497.0,2884.97,323.57,0.396,68.45,68.45,4.38,3.39,27014.68,13383.4,2.02,366.3,-889105.96,-3.23,-8538611.68,-29.47,0.0,0.0,-111203.13,-0.38,,TESTING,PAPER_TRADE,13,10000,28859700.37,2016_days,26-09-2020,05-04-2026,0.06%,2022,tv_backtester_jan_2024
G26 Donchian ADX Aggro [Webhook] BINANCEUSDT.P 2026-04-08,DOT,4h,2687324177.0,26873241.77,268732.4177,847.1,0.6174,77.55,77.55,4.05,1.38,4512036.74,3850204.73,1.17,183.4,-718561726.9,-21.1,-881696883.9,-25.89,0.0,0.0,-718561726.9,-21.1,,TESTING,PAPER_TRADE,5,10000,2687334177.0,2031_days,12-09-2020,06-04-2026,0.06%,1020,tv_backtester_jan_2024
4 Hull MA Cross Volume BINANCEUSDT.P 2026-04-06,MAGIC,15m,1248591.72,12485.92,124.8592,354.77,0.4155,62.69,62.69,3.95,4.36,1274.56,542.42,2.35,655.6,-29949.3,-2.47,-423628.47,-33.49,0.0,0.0,-6284.17,-0.5,,TESTING,PAPER_TRADE,17,10000,1258591.72,1166_days,25-01-2023,06-04-2026,0.06%,2093,tv_backtester_jan_2024
3 Chandelier Exit SAR Fusion BINANCEUSDT.P 2026-04-06,SOL,4h,1481.28,14.81,0.1481,2.6,0.007,78.95,67.11,3.73,0.63,134.87,135.43,1.0,3.5,-308.94,-3.07,-541.71,-4.72,-261.49,-2.61,0.0,0.0,LOW_SAMPLE,WEAK,LOW_TRADES,54,10000,11481.28,1963_days,05-11-2020,23-03-2026,0.06%,19,tv_backtester_jan_2024
6 Keltner Channel Breakout RSI BINANCEUSDT.P 2026-04-06,SOL,4h,14641.52,146.42,1.4642,18.56,0.0466,68.55,68.55,3.72,1.57,235.49,137.83,1.71,23.4,-657.28,-6.49,-5375.26,-21.81,-532.07,-5.32,0.0,0.0,,TESTING,PAPER_TRADE,42,10000,24641.52,1935_days,08-12-2020,27-03-2026,0.06%,124,tv_backtester_jan_2024
G27 CCI Donchian Wide [Webhook] BINANCEUSDT.P 2026-04-08,DOT,4h,338489000000.0,3384887696.0,33848876.96,2153.01,0.8564,78.84,67.01,3.51,1.48,404609021.8,429629891.7,0.94,266.6,-107097000000.0,-24.04,-134904000000.0,-30.28,0.0,0.0,-107097000000.0,-24.04,,TESTING,PAPER_TRADE,2,10000,338489000000.0,2033_days,12-09-2020,08-04-2026,0.06%,1484,tv_backtester_jan_2024
6 Keltner Channel Breakout RSI BINANCEUSDT.P 2026-04-06,SOL,15m,1390252.61,13902.53,139.0253,143.74,0.2442,59.17,59.17,3.17,3.05,1681.73,767.82,2.19,367.8,-65986.16,-4.55,-639596.6,-44.13,-1352.49,-13.52,-49154.02,-3.39,,WEAK,IGNORE,16,10000,1400252.61,2026_days,16-09-2020,04-04-2026,0.06%,2040,tv_backtester_jan_2024
4 Hull MA Cross Volume BINANCEUSDT.P 2026-04-06,LINK,15m,42789433.17,427894.33,4278.9433,284.21,0.3692,59.71,59.71,2.68,2.58,26069.96,14430.91,1.81,706.4,-777092.57,-2.28,-25513851.08,-59.52,0.0,0.0,-69933.1,-0.16,,WEAK,IGNORE,11,10000,42799433.17,2269_days,18-01-2020,06-04-2026,0.06%,4388,tv_backtester_jan_2024
10 VWAP Mean Reversion Pivot BINANCEUSDT.P 2026-04-06,SOL,4h,3794.54,37.95,0.3795,6.45,0.0171,67.31,67.31,2.56,0.88,177.95,143.15,1.24,10.1,-341.95,-3.41,-2433.57,-17.35,-311.18,-3.11,-227.77,-1.62,,WEAK,IGNORE,52,10000,13794.54,1880_days,07-01-2021,02-03-2026,0.06%,52,tv_backtester_jan_2024
4 Hull MA Cross Volume BINANCEUSDT.P 2026-04-06,AVAX,15m,32005813.53,320058.14,3200.5814,330.67,0.4006,60.28,60.28,2.47,2.67,23934.84,14725.81,1.63,675.0,-1844874.51,-5.45,-21823652.12,-64.47,0.0,0.0,-1833459.32,-5.42,,WEAK,IGNORE,12,10000,32015813.53,2019_days,24-09-2020,05-04-2026,0.06%,3731,tv_backtester_jan_2024
G5 LinReg Channel Breakout [Webhook] BINANCEUSDT.P 2026-04-08,ETH,4h,6254672.63,62546.73,625.4673,176.97,0.2793,48.65,48.65,2.45,0.88,195893.54,75852.26,2.58,17.6,-436707.38,-23.42,-4323578.68,-65.03,-33013.25,-330.13,-383898.06,-5.77,,WEAK,IGNORE,36,10000,6264672.63,2309_days,12-12-2019,08-04-2026,0.06%,111,tv_backtester_jan_2024
G9 ATR Breakout Momentum [Webhook] BINANCEUSDT.P 2026-04-08,BTC,4h,3278149.17,32781.49,327.8149,146.62,0.2474,50.85,50.85,2.25,0.69,196615.05,90355.25,2.18,9.2,-558210.03,-16.33,-2620302.29,-76.64,-35395.37,-353.95,-130669.64,-3.82,,WEAK,IGNORE,42,10000,3288149.17,2345_days,24-09-2019,25-02-2026,0.06%,59,tv_backtester_jan_2024
4 Hull MA Cross Volume BINANCEUSDT.P 2026-04-06,SOL,15m,1476310.57,14763.11,147.6311,146.15,0.2469,52.3,52.3,2.15,2.75,1364.74,695.51,1.96,695.9,-169689.61,-63.76,-1281820.89,-86.24,-3789.09,-37.89,0.0,0.0,,WEAK,IGNORE,15,10000,1486310.57,2028_days,15-09-2020,06-04-2026,0.06%,3864,tv_backtester_jan_2024
7 Momentum Volatility Breakout BINANCEUSDT.P 2026-04-06,SOL,4h,529.27,5.29,0.0529,0.99,0.0027,51.72,51.72,2.04,0.4,69.13,36.26,1.91,5.6,-433.13,-4.05,-507.67,-4.74,0.0,0.0,-177.34,-1.66,LOW_SAMPLE,WEAK,LOW_TRADES,57,10000,10529.27,1907_days,01-12-2020,20-02-2026,0.06%,29,tv_backtester_jan_2024
11 Williams R Trend Fusion BINANCEUSDT.P 2026-04-06,SOL,15m,27824.57,278.25,2.7825,27.2,0.0659,53.51,53.51,2.0,2.31,85.76,49.38,1.74,219.0,-8027.16,-30.5,-27750.7,-73.36,-719.27,-7.19,-4.56,-0.01,,WEAK,IGNORE,38,10000,37824.57,2020_days,23-09-2020,06-04-2026,0.06%,1211,tv_backtester_jan_2024
1 Aroon Oscillator Fusion BINANCEUSDT.P 2026-04-06,MAGIC,15m,7508735784.0,75087357.84,750873.5784,19088.14,1.4497,63.76,63.76,1.99,2.7,3334520.59,2950003.09,1.13,2760.0,-762288593.8,-9.22,-7593307949.0,-91.83,-318.57,-3.19,-760430749.3,-9.2,,WEAK,IGNORE,4,10000,7508745784.0,940_days,08-09-2023,06-04-2026,0.06%,7103,tv_backtester_jan_2024
G9 ATR Breakout Momentum [Webhook] BINANCEUSDT.P 2026-04-08,ETH,4h,2054846.71,20548.47,205.4847,136.48,0.2359,50.0,50.0,1.86,0.53,152866.7,82009.91,1.86,9.4,-997238.3,-48.06,-2378287.47,-91.4,-10352.37,-103.52,-537118.93,-20.64,,WEAK,IGNORE,46,10000,2064846.71,2262_days,16-12-2019,25-02-2026,0.06%,58,tv_backtester_jan_2024
6 Keltner Channel Breakout RSI BINANCEUSDT.P 2026-04-06,BTC,15m,207532.16,2075.32,20.7532,60.23,0.1292,53.35,53.35,1.8,2.27,401.68,255.28,1.57,333.7,-20736.2,-9.22,-259623.59,-115.46,-5.51,-0.06,-7318.72,-3.25,,WEAK,IGNORE,26,10000,217532.16,2386_days,23-09-2019,05-04-2026,0.06%,2180,tv_backtester_jan_2024
1 Aroon Oscillator Fusion BINANCEUSDT.P 2026-04-06,LINK,15m,65373241.53,653732.42,6537.3242,1438.34,0.7511,57.06,57.06,1.76,2.55,31522.23,23799.83,1.32,2617.7,-5598101.04,-8.0,-85964972.84,-122.8,0.0,0.0,-4619304.53,-6.6,,WEAK,IGNORE,10,10000,65383241.53,1174_days,17-01-2023,06-04-2026,0.06%,8414,tv_backtester_jan_2024
1 Aroon Oscillator Fusion BINANCEUSDT.P 2026-04-06,SOL,15m,432000000000.0,4323720977.0,43237209.77,2272.71,0.8707,55.02,55.02,1.67,2.07,128468255.6,94299792.61,1.36,2754.5,-38257678289.0,-8.88,-649000000000.0,-148.42,-7720.0,-77.2,-4680302370.0,-1.07,,WEAK,IGNORE,2,10000,432000000000.0,2028_days,15-09-2020,06-04-2026,0.06%,15294,tv_backtester_jan_2024
1 Aroon Oscillator Fusion BINANCEUSDT.P 2026-04-06,AVAX,15m,90163387.03,901633.87,9016.3387,3421.05,0.9798,60.42,60.42,1.67,2.76,55391.0,50717.65,1.09,2632.2,-12053384.45,-12.1,-135111816.8,-135.59,-1017.56,-10.18,-9470890.1,-9.5,,WEAK,IGNORE,9,10000,90173387.03,934_days,14-09-2023,06-04-2026,0.06%,6731,tv_backtester_jan_2024
G1 Keltner ADX Breakout [Webhook] BINANCEUSDT.P 2026-04-08,ETH,4h,15352781.52,153527.82,1535.2782,220.0,0.319,44.34,44.34,1.48,0.59,482017.23,259226.89,1.86,35.0,-3749999.25,-22.78,-31884906.86,-183.69,-97873.97,-978.74,-1994807.57,-11.49,,WEAK,IGNORE,33,10000,15362781.52,2304_days,16-12-2019,08-04-2026,0.06%,221,tv_backtester_jan_2024
G6 Triple EMA Volume Trend [Webhook] BINANCEUSDT.P 2026-04-08,AVAX,4h,39064728.29,390647.28,3906.4728,350.82,0.4131,37.89,37.89,1.48,0.48,1966211.93,808741.99,2.43,29.3,-20753939.07,-45.02,-80874199.19,-152.97,-301238.75,-3012.39,-13794427.87,-26.09,,WEAK,IGNORE,26,10000,39074728.29,2006_days,02-10-2020,01-04-2026,0.06%,161,tv_backtester_jan_2024
G5 LinReg Channel Breakout [Webhook] BINANCEUSDT.P 2026-04-08,SOL,4h,2117506.77,21175.07,211.7507,165.63,0.2678,49.43,49.43,1.41,0.38,169803.97,117819.63,1.44,15.9,-1098828.16,-36.82,-5184063.93,-173.71,-134738.74,-1347.39,-856743.29,-28.71,,WEAK,IGNORE,45,10000,2127506.77,2004_days,02-10-2020,30-03-2026,0.06%,87,tv_backtester_jan_2024
G8 TRIX Donchian Trend [Webhook] BINANCEUSDT.P 2026-04-08,ETH,4h,13630707.54,136307.08,1363.0708,213.71,0.3135,45.27,45.27,1.37,0.46,551937.68,332687.46,1.66,31.8,-8757233.85,-40.75,-36595621.01,-170.3,-12566.73,-125.67,-7848699.17,-36.52,,WEAK,IGNORE,34,10000,13640707.54,2306_days,15-12-2019,08-04-2026,0.06%,201,tv_backtester_jan_2024
G5 LinReg Channel Breakout [Webhook] BINANCEUSDT.P 2026-04-08,AVAX,4h,3728071.84,37280.72,372.8072,204.0,0.3049,47.96,47.96,1.31,0.34,337651.41,238069.5,1.42,18.4,-5102370.09,-57.72,-12141544.61,-137.34,-57989.36,-579.89,-5102370.09,-57.72,,WEAK,IGNORE,39,10000,3738071.84,1946_days,07-12-2020,07-04-2026,0.06%,98,tv_backtester_jan_2024
G8 TRIX Donchian Trend [Webhook] BINANCEUSDT.P 2026-04-08,AVAX,4h,27337831.0,273378.31,2733.7831,320.35,0.3939,41.0,41.0,1.31,0.49,1403649.89,743741.18,1.89,36.3,-23479284.84,-46.19,-87761459.62,-172.67,-266970.7,-2669.71,-23479284.84,-46.19,,WEAK,IGNORE,28,10000,27347831.0,2013_days,02-10-2020,08-04-2026,0.06%,200,tv_backtester_jan_2024
G5 LinReg Channel Breakout [Webhook] BINANCEUSDT.P 2026-04-08,BTC,4h,627535.48,6275.35,62.7535,88.55,0.1738,39.17,39.17,1.29,0.32,59027.19,29407.43,2.01,18.3,-237335.48,-5059.19,-2146742.58,-293.28,-242644.3,-2426.44,-94436.62,-12.9,,WEAK,IGNORE,55,10000,637535.48,2393_days,19-09-2019,08-04-2026,0.06%,120,tv_backtester_jan_2024
G8 TRIX Donchian Trend [Webhook] BINANCEUSDT.P 2026-04-08,SOL,4h,20627622.83,206276.23,2062.7623,301.36,0.3812,45.79,45.79,1.28,0.39,968046.33,640007.91,1.51,39.0,-16675412.69,-44.69,-74240917.17,-198.97,-308894.2,-3088.94,-16675412.69,-44.69,,WEAK,IGNORE,30,10000,20637622.83,2006_days,05-10-2020,04-04-2026,0.06%,214,tv_backtester_jan_2024
G1 Keltner ADX Breakout [Webhook] BINANCEUSDT.P 2026-04-08,SOL,4h,3314326.11,33143.26,331.4326,187.99,0.29,39.51,39.51,1.21,0.33,236585.47,127815.3,1.85,37.3,-2296444.74,-49.67,-15849097.06,-342.79,-170173.94,-1701.74,-1299287.61,-28.1,,WEAK,IGNORE,41,10000,3324326.11,2005_days,02-10-2020,30-03-2026,0.06%,205,tv_backtester_jan_2024
G1 Keltner ADX Breakout [Webhook] BINANCEUSDT.P 2026-04-08,BTC,4h,3051129.95,30511.3,305.113,139.57,0.2395,39.51,39.51,1.2,0.3,190571.47,103698.85,1.84,37.1,-2449688.47,-47.53,-15243731.56,-295.75,-66705.64,-667.06,-2093188.42,-40.61,,WEAK,IGNORE,43,10000,3061129.95,2393_days,19-09-2019,08-04-2026,0.06%,243,tv_backtester_jan_2024
G6 Triple EMA Volume Trend [Webhook] BINANCEUSDT.P 2026-04-08,SOL,4h,19213969.47,192139.69,1921.3969,300.06,0.3803,34.43,34.43,1.19,0.27,1931415.14,853876.54,2.26,33.6,-15477820.66,-44.6,-102465184.6,-295.27,-196606.16,-1966.06,-15477820.66,-44.6,,WEAK,IGNORE,32,10000,19223969.47,1992_days,21-10-2020,06-04-2026,0.06%,183,tv_backtester_jan_2024
G9 ATR Breakout Momentum [Webhook] BINANCEUSDT.P 2026-04-08,AVAX,4h,916084.48,9160.84,91.6084,136.45,0.2359,34.15,34.15,1.18,0.1,435223.03,191742.15,2.27,7.8,-2919336.12,-75.92,-5177037.92,-134.63,0.0,0.0,-2919336.12,-75.92,,WEAK,IGNORE,51,10000,926084.48,1922_days,01-01-2021,07-04-2026,0.06%,41,tv_backtester_jan_2024
G2 OBV EMA Trend [Webhook] BINANCEUSDT.P 2026-04-08,SOL,4h,19243103.01,192431.03,1924.3103,292.02,0.3747,32.63,32.63,1.17,0.24,1762825.15,732669.4,2.41,42.6,-23994965.05,-55.48,-116494433.9,-269.36,-43152.72,-431.53,-23994965.05,-55.48,,WEAK,IGNORE,31,10000,19253103.01,2022_days,23-09-2020,08-04-2026,0.06%,236,tv_backtester_jan_2024
4 Hull MA Cross Volume BINANCEUSDT.P 2026-04-06,BTC,15m,31107.72,311.08,3.1108,24.0,0.0589,41.35,41.35,1.12,0.68,153.36,96.21,1.59,678.8,-38539.01,-48.39,-251683.11,-316.0,-82.71,-0.83,-38539.01,-48.39,,WEAK,IGNORE,35,10000,41107.72,2400_days,09-09-2019,06-04-2026,0.06%,4460,tv_backtester_jan_2024
G4 Chaikin MF Trend [Webhook] BINANCEUSDT.P 2026-04-08,ETH,4h,4358823.15,43588.23,435.8823,160.64,0.2626,37.02,37.02,1.11,0.19,325372.31,172109.94,1.89,57.0,-4053809.79,-71.05,-39241066.34,-546.55,-133111.61,-1331.12,-2811002.84,-39.15,,WEAK,IGNORE,38,10000,4368823.15,2318_days,02-12-2019,08-04-2026,0.06%,362,tv_backtester_jan_2024
G6 Triple EMA Volume Trend [Webhook] BINANCEUSDT.P 2026-04-08,ETH,4h,1036755.67,10367.56,103.6756,108.96,0.202,29.49,29.49,1.09,0.11,176781.56,67643.47,2.61,37.1,-2026415.76,-85.21,-11161171.73,-469.31,0.0,0.0,-1331433.54,-55.99,,WEAK,IGNORE,50,10000,1046755.67,2305_days,15-12-2019,08-04-2026,0.06%,234,tv_backtester_jan_2024
G1 Keltner ADX Breakout [Webhook] BINANCEUSDT.P 2026-04-08,AVAX,4h,1918760.15,19187.6,191.876,160.55,0.2625,40.28,40.28,1.09,0.14,268627.7,166293.41,1.62,39.3,-3399078.11,-66.47,-21451849.47,-419.5,-261337.19,-2613.37,-3184942.11,-62.28,,WEAK,IGNORE,48,10000,1928760.15,2007_days,07-10-2020,07-04-2026,0.06%,216,tv_backtester_jan_2024
G8 TRIX Donchian Trend [Webhook] BINANCEUSDT.P 2026-04-08,BTC,4h,635606.11,6356.06,63.5606,89.27,0.1748,44.49,44.49,1.09,0.15,72884.01,53740.82,1.36,37.5,-1079104.54,-88.07,-7308751.28,-596.52,-20113.19,-201.13,-579620.3,-47.31,,WEAK,IGNORE,54,10000,645606.11,2386_days,20-09-2019,03-04-2026,0.06%,245,tv_backtester_jan_2024
G2 OBV EMA Trend [Webhook] BINANCEUSDT.P 2026-04-08,ETH,4h,1794504.2,17945.04,179.4504,127.07,0.2248,30.9,30.9,1.09,0.15,240643.76,98968.1,2.43,47.5,-2419201.16,-63.62,-20585365.59,-541.31,-61561.73,-615.62,-1998349.48,-52.55,,WEAK,IGNORE,49,10000,1804504.2,2314_days,07-12-2019,08-04-2026,0.06%,301,tv_backtester_jan_2024
G7 ROC MACD Momentum [Webhook] BINANCEUSDT.P 2026-04-08,ETH,4h,789766.24,7897.66,78.9766,99.82,0.1897,37.62,37.62,1.04,0.11,63636.06,37011.41,1.72,146.1,-2706149.69,-104.84,-21355583.48,-827.34,-134922.83,-1349.23,-1781460.62,-69.02,,WEAK,IGNORE,53,10000,799766.24,2312_days,08-12-2019,08-04-2026,0.06%,925,tv_backtester_jan_2024
G6 Triple EMA Volume Trend [Webhook] BINANCEUSDT.P 2026-04-08,BTC,4h,164376.31,1643.76,16.4376,54.73,0.1196,30.96,30.96,1.04,0.04,60827.88,26284.16,2.31,36.5,-617570.96,-139.59,-4336886.82,-935.2,-219380.88,-2193.81,-289360.37,-62.4,,WEAK,IGNORE,58,10000,174376.31,2392_days,19-09-2019,08-04-2026,0.06%,239,tv_backtester_jan_2024
G9 ATR Breakout Momentum [Webhook] BINANCEUSDT.P 2026-04-08,LINK,4h,53038.35,530.38,5.3038,35.59,0.0834,38.46,38.46,1.03,0.05,112855.64,68324.85,1.65,6.4,-797423.98,-143.73,-1639796.3,-295.57,-252635.79,-2526.36,-491749.84,-88.64,,WEAK,IGNORE,61,10000,63038.35,2209_days,07-02-2020,25-02-2026,0.06%,39,tv_backtester_jan_2024
G10 Elder Impulse Trend [Webhook] BINANCEUSDT.P 2026-04-08,ETH,4h,392398.15,3923.98,39.2398,79.13,0.1597,35.8,35.8,1.02,0.06,68503.85,37365.61,1.83,115.0,-2399504.51,-92.4,-17487107.11,-673.38,-11545.98,-115.46,-2194502.84,-84.5,,WEAK,IGNORE,56,10000,402398.15,2315_days,05-12-2019,07-04-2026,0.06%,729,tv_backtester_jan_2024
G4 Chaikin MF Trend [Webhook] BINANCEUSDT.P 2026-04-08,AVAX,4h,243181.9,2431.82,24.3182,80.0,0.1611,33.23,33.23,1.01,0.01,400782.15,198383.96,2.02,60.2,-7036376.68,-96.53,-43842854.59,-601.45,-550174.03,-5501.74,-7036376.68,-96.53,,WEAK,IGNORE,57,10000,253181.9,2008_days,07-10-2020,08-04-2026,0.06%,331,tv_backtester_jan_2024
G10 Elder Impulse Trend [Webhook] BINANCEUSDT.P 2026-04-08,SOL,4h,125735.99,1257.36,12.5736,60.11,0.1289,39.54,39.54,1.01,0.03,57059.9,37001.96,1.54,118.2,-1595937.37,-136.2,-14652777.46,-1250.52,-434203.34,-4342.03,-1035998.04,-88.42,,WEAK,IGNORE,59,10000,135735.99,2024_days,21-09-2020,08-04-2026,0.06%,655,tv_backtester_jan_2024
G7 ROC MACD Momentum [Webhook] BINANCEUSDT.P 2026-04-08,BTC,4h,69490.85,694.91,6.9491,37.22,0.0867,37.84,37.84,1.01,0.02,37575.39,22746.09,1.65,135.5,-1186284.85,-107.19,-12555840.54,-1134.5,-89560.1,-895.6,-1027233.9,-92.82,,WEAK,IGNORE,60,10000,79490.85,2393_days,19-09-2019,08-04-2026,0.06%,888,tv_backtester_jan_2024
